{"Currencies": {"0": "NOK", "1": "QAR", "2": "SGD", "3": "JOD", "4": "DKK", "5": "MYR", "6": "ALL", "7": "HUF", "8": "HRK", "9": "GBP", "10": "CHF", "11": "RUB", "12": "BRL", "13": "CZK", "14": "EGP", "15": "IDR", "16": "TRY", "17": "CAD", "18": "AED", "19": "CNY", "20": "RSD", "21": "THB", "22": "ZAR", "23": "ISC", "24": "ILS", "25": "AUD", "26": "JPY", "27": "RON", "28": "HKD", "29": "MXN", "30": "MAD", "31": "BGN", "32": "PLN", "33": "USD", "34": "SEK", "35": "UAH"}, "19-Jul-01": {"0": 9.6848, "1": null, "2": 1.5359, "3": null, "4": 7.4647, "5": 4.6904, "6": null, "7": 322.9, "8": 7.397, "9": 0.89718, "10": 1.1141, "11": 71.4725, "12": 4.3435, "13": 25.478, "14": null, "15": 16016.28, "16": 6.4272, "17": 1.4866, "18": null, "19": 7.7654, "20": null, "21": 34.771, "22": 16.0216, "23": null, "24": 4.0543, "25": 1.6226, "26": 122.93, "27": 4.7327, "28": 8.8639, "29": 21.7024, "30": null, "31": 1.9558, "32": 4.2427, "33": 1.1349, "34": 10.545, "35": null}, "19-Jul-15": {"0": 9.6223, "1": null, "2": 1.5283, "3": null, "4": 7.4669, "5": 4.6299, "6": null, "7": 325.66, "8": 7.3935, "9": 0.89873, "10": 1.1071, "11": 70.5998, "12": 4.21, "13": 25.569, "14": null, "15": 15712.0, "16": 6.4258, "17": 1.4684, "18": null, "19": 7.7484, "20": null, "21": 34.816, "22": 15.6215, "23": null, "24": 3.987, "25": 1.6023, "26": 121.62, "27": 4.7333, "28": 8.8201, "29": 21.3466, "30": null, "31": 1.9558, "32": 4.2622, "33": 1.1269, "34": 10.5563, "35": null}, "19-Jul-31": {"0": 9.7778, "1": null, "2": 1.5261, "3": null, "4": 7.4674, "5": 4.6015, "6": null, "7": 326.48, "8": 7.3823, "9": 0.91623, "10": 1.1041, "11": 70.8041, "12": 4.218, "13": 25.658, "14": null, "15": 15639.3, "16": 6.161, "17": 1.4662, "18": null, "19": 7.6743, "20": null, "21": 34.273, "22": 15.8634, "23": null, "24": 3.8951, "25": 1.6175, "26": 121.04, "27": 4.7338, "28": 8.7289, "29": 21.2005, "30": null, "31": 1.9558, "32": 4.2912, "33": 1.1151, "34": 10.6645, "35": null}, "19-Aug-01": {"0": 9.812, "1": null, "2": 1.5178, "3": null, "4": 7.466, "5": 4.5734, "6": null, "7": 326.55, "8": 7.383, "9": 0.9115, "10": 1.0988, "11": 70.577, "12": 4.2223, "13": 25.742, "14": null, "15": 15623.97, "16": 6.1516, "17": 1.4602, "18": null, "19": 7.6177, "20": null, "21": 34.099, "22": 15.9959, "23": null, "24": 3.8864, "25": 1.6135, "26": 120.18, "27": 4.7322, "28": 8.6367, "29": 21.2057, "30": null, "31": 1.9558, "32": 4.2979, "33": 1.1037, "34": 10.6868, "35": null}, "19-Aug-15": {"0": 10.0145, "1": null, "2": 1.5483, "3": null, "4": 7.459, "5": 4.6758, "6": null, "7": 326.2, "8": 7.3858, "9": 0.91863, "10": 1.0863, "11": 73.7771, "12": 4.4868, "13": 25.876, "14": null, "15": 15911.05, "16": 6.2316, "17": 1.4841, "18": null, "19": 7.8463, "20": null, "21": 34.403, "22": 17.044, "23": null, "24": 3.9237, "25": 1.6442, "26": 118.37, "27": 4.7231, "28": 8.744, "29": 21.8595, "30": null, "31": 1.9558, "32": 4.3878, "33": 1.115, "34": 10.7305, "35": null}, "19-Aug-29": {"0": 10.0365, "1": null, "2": 1.5354, "3": null, "4": 7.457, "5": 4.6696, "6": null, "7": 330.26, "8": 7.4035, "9": 0.90531, "10": 1.088, "11": 73.675, "12": 4.5908, "13": 25.853, "14": null, "15": 15718.92, "16": 6.4594, "17": 1.4699, "18": null, "19": 7.9081, "20": null, "21": 33.886, "22": 16.895, "23": null, "24": 3.8997, "25": 1.6402, "26": 117.68, "27": 4.7271, "28": 8.6876, "29": 22.2046, "30": null, "31": 1.9558, "32": 4.3809, "33": 1.1072, "34": 10.779, "35": null}, "19-Sep-02": {"0": 9.9788, "1": null, "2": 1.5253, "3": null, "4": 7.4563, "5": 4.6269, "6": null, "7": 331.34, "8": 7.4006, "9": 0.9082, "10": 1.0875, "11": 73.2222, "12": 4.5498, "13": 25.919, "14": null, "15": 15567.98, "16": 6.3762, "17": 1.4632, "18": null, "19": 7.8657, "20": null, "21": 33.6, "22": 16.6827, "23": null, "24": 3.8793, "25": 1.6338, "26": 116.66, "27": 4.7239, "28": 8.6021, "29": 22.0545, "30": null, "31": 1.9558, "32": 4.3691, "33": 1.0968, "34": 10.747, "35": null}, "19-Sep-16": {"0": 9.9043, "1": null, "2": 1.5158, "3": null, "4": 7.467, "5": 4.6088, "6": null, "7": 331.92, "8": 7.3945, "9": 0.8851, "10": 1.0932, "11": 70.6403, "12": 4.5138, "13": 25.882, "14": null, "15": 15487.52, "16": 6.3041, "17": 1.4619, "18": null, "19": 7.7957, "20": null, "21": 33.672, "22": 16.1498, "23": null, "24": 3.9023, "25": 1.6054, "26": 118.96, "27": 4.7348, "28": 8.6266, "29": 21.4298, "30": null, "31": 1.9558, "32": 4.3241, "33": 1.1031, "34": 10.6703, "35": null}, "19-Sep-30": {"0": 9.8953, "1": null, "2": 1.506, "3": null, "4": 7.4662, "5": 4.5592, "6": null, "7": 334.83, "8": 7.411, "9": 0.88573, "10": 1.0847, "11": 70.7557, "12": 4.5288, "13": 25.816, "14": null, "15": 15456.94, "16": 6.1491, "17": 1.4426, "18": null, "19": 7.7784, "20": null, "21": 33.315, "22": 16.5576, "23": null, "24": 3.7877, "25": 1.6126, "26": 117.59, "27": 4.7496, "28": 8.5368, "29": 21.4522, "30": null, "31": 1.9558, "32": 4.3782, "33": 1.0889, "34": 10.6958, "35": null}, "19-Oct-01": {"0": 9.9463, "1": null, "2": 1.5108, "3": null, "4": 7.4655, "5": 4.5712, "6": null, "7": 334.79, "8": 7.4111, "9": 0.88955, "10": 1.0906, "11": 71.0815, "12": 4.5384, "13": 25.74, "14": null, "15": 15505.67, "16": 6.1979, "17": 1.4466, "18": null, "19": 7.7903, "20": null, "21": 33.43, "22": 16.67, "23": null, "24": 3.7907, "25": 1.6274, "26": 118.0, "27": 4.7511, "28": 8.5449, "29": 21.5587, "30": null, "31": 1.9558, "32": 4.3774, "33": 1.0898, "34": 10.8043, "35": null}, "19-Oct-15": {"0": 10.0653, "1": null, "2": 1.5088, "3": null, "4": 7.4699, "5": 4.6125, "6": null, "7": 332.38, "8": 7.4353, "9": 0.87058, "10": 1.0977, "11": 70.9456, "12": 4.5467, "13": 25.82, "14": null, "15": 15591.42, "16": 6.4678, "17": 1.4562, "18": null, "19": 7.7943, "20": null, "21": 33.434, "22": 16.359, "23": null, "24": 3.8784, "25": 1.6293, "26": 119.23, "27": 4.7538, "28": 8.6351, "29": 21.1647, "30": null, "31": 1.9558, "32": 4.2956, "33": 1.1007, "34": 10.8225, "35": null}, "19-Oct-31": {"0": 10.252, "1": null, "2": 1.5174, "3": null, "4": 7.4708, "5": 4.6607, "6": null, "7": 328.7, "8": 7.4579, "9": 0.86133, "10": 1.1007, "11": 71.3639, "12": 4.4514, "13": 25.509, "14": null, "15": 15701.5, "16": 6.3717, "17": 1.4673, "18": null, "19": 7.854, "20": null, "21": 33.668, "22": 16.912, "23": null, "24": 3.9342, "25": 1.6137, "26": 120.73, "27": 4.756, "28": 8.7401, "29": 21.3265, "30": null, "31": 1.9558, "32": 4.2581, "33": 1.1154, "34": 10.7498, "35": null}}